"Tree","geno","Quadrat location (cm abvove ground)","Total cover ","Roughness ","X. galericulata","Caloplaca holocarpa","Candelariella subdeflexa","Rhinodina glauca","Lecanora sp.","Phyciella melanchra","Physcia adscendens","Physcia undulata","X. montana","UK Moss #1","Unknown Physcioid","Unknown, totally"
"N1-01",1017,"South 45-55",,,,,,,,,,,,,,
"N1-01",1017,"South 80-90",,,,,,,,,,,,,,
"N1-01",1017,"North 45-55",,,,,,,,,,,,,,
"N1-01",1017,"North 80-90",,,,,,,,,,,,,,
,,,,,,,,,,,,,,,,
"N1-04",1017,"South 45-55",0.50,100.00,0.40,,,,,0.10,,,,,,
"N1-04",1017,"South 80-90",9.00,40.00,8.00,,,,,0.75,,,,,,
"N1-04",1017,"North 45-55",30.00,90.00,27.00,0.10,0.25,,,,,0.25,,,,
"N1-04",1017,"North 80-90",21.00,60.00,15.00,0.10,7.00,,,,,,,,,
,,,,,,,,,,,,,,,,
"N1-05","T6-C","South 45-55",1.00,50.00,1.00,,,,,,,,,,,
"N1-05","T6-C","South 80-90",,75.00,,,,,,,,,,,,
"N1-05","T6-C","North 45-55",30.00,70.00,30.00,,,,,,,,,,,
"N1-05","T6-C","North 80-90",40.00,50.00,40.00,0.10,0.10,,,0.60,,,0.25,,,
,,,,,,,,,,,,,,,,
"N1-07","T6-B","South 45-55",1.00,80.00,1.00,,,,,,,,,,,
"N1-07","T6-B","South 80-90",8.00,80.00,7.00,,,,,1.50,,,,,,
"N1-07","T6-B","North 45-55",12.00,60.00,13.00,0.10,0.10,,,,,,,,,
"N1-07","T6-B","North 80-90",1.50,20.00,1.50,,,,,,,,,,,
,,,,,,,,,,,,,,,,
"N1-08",1017,"South 45-55",0.10,55.00,0.10,,,,,,,,,,,
"N1-08",1017,"South 80-90",0.10,40.00,0.10,,,,,,,,,,,
"N1-08",1017,"North 45-55",7.00,40.00,7.00,0.10,0.50,0.10,,0.20,,,,,,
"N1-08",1017,"North 80-90",5.00,35.00,6.00,0.10,1.00,,0.10,0.10,,,0.10,,,
,,,,,,,,,,,,,,,,
"N1-10",996,"South 45-55",,30.00,,,,,,,,,,,,
"N1-10",996,"South 80-90",,10.00,,,,,,,,,,,,
"N1-10",996,"North 45-55",2.00,15.00,2.00,,,,,,,,,,,
"N1-10",996,"North 80-90",7.00,20.00,7.00,,,,,,,,,,,
,,,,,,,,,,,,,,,,
"N1-11","T6-B","South 45-55",0.10,90.00,0.10,,,,,,,,,,,
"N1-11","T6-B","South 80-90",,70.00,,,,,,,,,,,,
"N1-11","T6-B","North 45-55",40.00,90.00,45.00,,,,,,,0.25,,,,
"N1-11","T6-B","North 80-90",60.00,80.00,60.00,0.10,,,,,0.50,,,,,
,,,,,,,,,,,,,,,,
"N1-12","T15","South 45-55",,20.00,,,,,,,,,,,,
"N1-12","T15","South 80-90",,40.00,,,,,,,,,,,,
"N1-12","T15","North 45-55",,20.00,,,,,,,,,,,,
"N1-12","T15","North 80-90",,20.00,,,,,,,,,,,,
,,,,,,,,,,,,,,,,
"N1-16",1017,"South 45-55",4.00,65.00,4.00,,,,,,,,,,,
"N1-16",1017,"South 80-90",3.00,30.00,3.00,,,,,,,,,,,
"N1-16",1017,"North 45-55",35.00,70.00,30.00,0.75,,,0.10,0.10,,,,,,
"N1-16",1017,"North 80-90",10.00,100.00,8.00,0.10,,,,,,,,,,
,,,,,,,,,,,,,,,,
"N1-20",1017,"South 45-55",1.00,20.00,1.00,,,,,,,,,,,
"N1-20",1017,"South 80-90",0.50,10.00,0.50,,,,,,,,,,,
"N1-20",1017,"North 45-55",75.00,10.00,60.00,,1.00,,,1.00,,,,,,
"N1-20",1017,"North 80-90",,85.00,25.00,0.10,4.00,,,1.25,,0.25,,,,
,,,,,,,,,,,,,,,,
"N1-24",1017,"South 45-55",8.00,10.00,5.50,0.10,0.10,,,0.25,,,,,,
"N1-24",1017,"South 80-90",1.00,20.00,1.00,,,,,,,,,,,
"N1-24",1017,"North 45-55",90.00,85.00,,,0.50,,,1.00,1.00,,,3.00,,0.50
"N1-24",1017,"North 80-90",30.00,25.00,25.00,,0.50,,,0.25,0.50,,,,,
,,,,,,,,,,,,,,,,
"N1-27",1023,"South 45-55",0.50,50.00,0.50,,,,,,,,,,,
"N1-27",1023,"South 80-90",1.00,50.00,1.00,,,,,,,,,,,
"N1-27",1023,"North 45-55",1.50,40.00,1.50,,,,,,,,,,,
"N1-27",1023,"North 80-90",0.25,30.00,0.25,,,,,,,,,,,
,,,,,,,,,,,,,,,,
"N1-28",999,"South 45-55",,5.00,,,,,,,,,,,,
"N1-28",999,"South 80-90",0.25,15.00,0.25,,,,,,,,,,,
"N1-28",999,"North 45-55",0.50,60.00,0.50,,,,,,,,,,,
"N1-28",999,"North 80-90",0.50,50.00,0.50,,,,,,,,,,,
,,,,,,,,,,,,,,,,
"N1-29","EC1","South 45-55",,50.00,,,,,,,,,,,,
"N1-29","EC1","South 80-90",0.25,60.00,0.25,,,,,,,,,,,
"N1-29","EC1","North 45-55",5.00,35.00,5.00,,,,,,,0.10,,,,
"N1-29","EC1","North 80-90",1.50,50.00,1.50,,,,,,,,,,,
,,,,,,,,,,,,,,,,
"N1-31",1008,"South 45-55",1.00,20.00,0.25,,,,,0.10,,,,,,
"N1-31",1008,"South 80-90",0.25,20.00,0.25,,,,,,,,,,,
"N1-31",1008,"North 45-55",,10.00,,,,,,,,,,,,
"N1-31",1008,"North 80-90",,5.00,,,,,,,,,,,,
,,,,,,,,,,,,,,,,
"N1-34",996,"South 45-55",0.10,15.00,0.10,,,,,,,,,,,
"N1-34",996,"South 80-90",0.10,10.00,0.10,,,,,,,,,,,
"N1-34",996,"North 45-55",7.00,25.00,6.00,,0.25,,,0.10,,,,,,
"N1-34",996,"North 80-90",1.00,15.00,1.00,,,,,,,,,,,
,,,,,,,,,,,,,,,,
"N1-36",11,"South 45-55",,10.00,,,,,,,,,,,,
"N1-36",11,"South 80-90",,15.00,,,,,,,,,,,,
"N1-36",11,"North 45-55",0.10,10.00,0.10,,,,,,,,,,,
"N1-36",11,"North 80-90",0.25,20.00,0.25,,,,,,,,,,,
,,,,,,,,,,,,,,,,
"N1-40","RL6","South 45-55",0.10,80.00,0.10,,,,,,,,,,,
"N1-40","RL6","South 80-90",0.25,70.00,0.25,,,,,,,,,,,
"N1-40","RL6","North 45-55",0.10,50.00,0.10,,,,,,,,,,,
"N1-40","RL6","North 80-90",0.50,40.00,0.50,,,,,,,,,,,
,,,,,,,,,,,,,,,,
"N2-03",1017,"South 45-55",3.00,70.00,3.00,,,,,,,,,,,
"N2-03",1017,"South 80-90",0.25,35.00,0.25,,,,,,,,,,,
"N2-03",1017,"North 45-55",13.00,25.00,11.00,,3.00,,,,,,,,,
"N2-03",1017,"North 80-90",5.00,65.00,5.00,,,,,,,,,,,
,,,,,,,,,,,,,,,,
"N2-04",996,"South 45-55",,20.00,,,,,,,,,,,,
"N2-04",996,"South 80-90",0.50,25.00,0.50,,,,,,,,,,,
"N2-04",996,"North 45-55",20.00,25.00,17.00,0.10,2.00,,0.10,0.10,,,,,,
"N2-04",996,"North 80-90",4.00,10.00,4.00,,0.25,,,,,,,,,
,,,,,,,,,,,,,,,,
"N2-10",996,"South 45-55",0.25,15.00,0.25,,,,,,,,,,,
"N2-10",996,"South 80-90",,5.00,,,,,,,,,,,,
"N2-10",996,"North 45-55",0.10,15.00,0.10,,,,,,,,,,,
"N2-10",996,"North 80-90",,5.00,,,,,,,,,,,,
,,,,,,,,,,,,,,,,
"N2-11",1012,"South 45-55",1.50,40.00,1.50,,,,,,,,,,,
"N2-11",1012,"South 80-90",,20.00,,,,,,,,,,,,
"N2-11",1012,"North 45-55",,25.00,,,,,,,,,,,,
"N2-11",1012,"North 80-90",3.00,20.00,3.00,,,,,,,,,,,
,,,,,,,,,,,,,,,,
"N2-12",1023,"South 45-55",4.00,50.00,3.00,0.20,0.10,,,,,,,,,
"N2-12",1023,"South 80-90",15.00,55.00,15.00,0.10,0.50,,,,,,,,,
"N2-12",1023,"North 45-55",1.50,50.00,1.50,0.10,,,,,,,,,,
"N2-12",1023,"North 80-90",1.00,50.00,1.00,,,,,,,,,,,
,,,,,,,,,,,,,,,,
"N2-14",1023,"South 45-55",1.00,30.00,1.00,,,,,,,,,,,
"N2-14",1023,"South 80-90",6.00,65.00,6.00,,,,,,,,,,,
"N2-14",1023,"North 45-55",2.00,55.00,2.00,,,,,,,,,,,
"N2-14",1023,"North 80-90",4.00,50.00,3.00,,1.00,,,,,,,,,
,,,,,,,,,,,,,,,,
"N2-15",1017,"South 45-55",40.00,85.00,35.00,,2.00,,0.20,0.25,,,,,0.25,
"N2-15",1017,"South 80-90",23.00,100.00,20.00,0.10,0.25,,,,,,,,,
"N2-15",1017,"North 45-55",30.00,30.00,25.00,0.25,2.00,,,0.25,,,,,0.25,
"N2-15",1017,"North 80-90",10.00,10.00,8.00,0.10,,,,,,,,,,
,,,,,,,,,,,,,,,,
"N2-16",996,"South 45-55",1.00,75.00,1.00,,,,,,,,,,,
"N2-16",996,"South 80-90",0.25,35.00,0.25,,,,,,,,,,,
"N2-16",996,"North 45-55",40.00,25.00,30.00,0.50,1.50,,0.25,0.10,0.10,,0.50,0.25,,
"N2-16",996,"North 80-90",3.00,10.00,3.00,,,,,,,,,,,
,,,,,,,,,,,,,,,,
"N2-17",1012,"South 45-55",,65.00,,,,,,,,,,,,
"N2-17",1012,"South 80-90",,40.00,,,,,,,,,,,,
"N2-17",1012,"North 45-55",20.00,25.00,10.00,0.10,,,,,,,,,,
"N2-17",1012,"North 80-90",10.00,25.00,10.00,0.10,0.50,,,,,,,,,
,,,,,,,,,,,,,,,,
"N2-20",1012,"South 45-55",20.00,20.00,18.00,0.10,,,,,,,,,,
"N2-20",1012,"South 80-90",4.00,40.00,4.00,,,,,,,,,,,
"N2-20",1012,"North 45-55",20.00,20.00,20.00,,2.00,,0.10,0.60,,,,,,
"N2-20",1012,"North 80-90",15.00,20.00,10.00,,7.00,0.10,,0.10,,0.10,,,,
,,,,,,,,,,,,,,,,
"N2-25",1008,"South 45-55",,15.00,,,,,,,,,,,,
"N2-25",1008,"South 80-90",0.10,20.00,0.10,,,,,,,,,,,
"N2-25",1008,"North 45-55",3.00,20.00,4.00,,,,,0.10,,,,,,
"N2-25",1008,"North 80-90",0.25,5.00,0.25,,,,,,,,,,,
,,,,,,,,,,,,,,,,
"N2-27 ","T15","South 45-55",,15.00,,,,,,,,,,,,
"N2-27 ","T15","South 80-90",1.00,25.00,1.00,,,,,,,,,,,
"N2-27 ","T15","North 45-55",1.00,20.00,1.00,,,,,,,,,,,
"N2-27 ","T15","North 80-90",3.00,20.00,3.00,,,,,,,,,,,
,,,,,,,,,,,,,,,,
"N2-28","WC5","South 45-55",3.00,60.00,3.00,,,,,0.10,,,,,,
"N2-28","WC5","South 80-90",1.00,60.00,1.00,,,,,,,,,,,
"N2-28","WC5","North 45-55",10.00,75.00,7.00,,2.00,,,,,,,,,
"N2-28","WC5","North 80-90",4.00,65.00,4.00,,,,,,,,,,,
,,,,,,,,,,,,,,,,
"N2-29",996,"South 45-55",,15.00,,,,,,,,,,,,
"N2-29",996,"South 80-90",0.25,20.00,0.25,,,,,,,,,,,
"N2-29",996,"North 45-55",0.25,55.00,0.25,,,,,,,,,,,
"N2-29",996,"North 80-90",2.00,25.00,2.00,,,,,,,,,,,
,,,,,,,,,,,,,,,,
"N2-31","WC5","South 45-55",0.25,40.00,0.25,,,,,,,,,,,
"N2-31","WC5","South 80-90",,40.00,,,,,,,,,,,,
"N2-31","WC5","North 45-55",25.00,65.00,20.00,,10.00,,0.50,,0.25,,,,,
"N2-31","WC5","North 80-90",6.00,15.00,4.00,,,,,0.10,,,,,,
,,,,,,,,,,,,,,,,
"N2-33",11,"South 45-55",2.00,30.00,1.00,0.10,0.10,,,,,,,,,
"N2-33",11,"South 80-90",12.00,40.00,12.00,,0.10,,,,,,,,,
"N2-33",11,"North 45-55",25.00,60.00,20.00,1.00,10.00,,0.10,,0.50,,,,,
"N2-33",11,"North 80-90",10.00,30.00,10.00,,0.10,,,0.25,,,,,,
,,,,,,,,,,,,,,,,
"N2-35",11,"South 45-55",1.00,75.00,1.00,,,,,,,,,,,
"N2-35",11,"South 80-90",20.00,70.00,17.00,0.20,0.10,,,0.25,,,,,,
"N2-35",11,"North 45-55",1.00,85.00,1.00,,,,,,,,,,,
"N2-35",11,"North 80-90",0.50,25.00,0.50,,,,,,,,,,,
,,,,,,,,,,,,,,,,
"N2-37","T15","South 45-55",0.50,20.00,0.50,,,,,,,,,,,
"N2-37","T15","South 80-90",0.50,40.00,0.50,,,,,,,,,,,
"N2-37","T15","North 45-55",0.10,25.00,0.10,,,,,,,,,,,
"N2-37","T15","North 80-90",8.00,20.00,8.00,0.25,0.10,,,,,,,,,
,,,,,,,,,,,,,,,,
"N2-44","RL6","South 45-55",0.25,80.00,0.25,,,,,,,,,,,
"N2-44","RL6","South 80-90",0.25,70.00,0.25,,,,,,,,,,,
"N2-44","RL6","North 45-55",35.00,90.00,25.00,,0.10,0.10,,0.50,0.25,0.25,,,,
"N2-44","RL6","North 80-90",10.00,85.00,8.00,,,,,,,,,,,
,,,,,,,,,,,,,,,,
"N2-45",1012,"South 45-55",1.00,40.00,1.00,,,,,0.10,,,,,,
"N2-45",1012,"South 80-90",0.25,80.00,0.25,,,,,,,,,,,
"N2-45",1012,"North 45-55",30.00,75.00,25.00,0.10,0.50,,,0.50,,,,,,
"N2-45",1012,"North 80-90",8.00,50.00,6.00,,1.00,,,0.10,,,,,,
,,,,,,,,,,,,,,,,
"N3-02",11,"South 45-55",3.00,100.00,3.00,,,,,,,,,,,
"N3-02",11,"South 80-90",,2.00,,,,,,,,,,,,
"N3-02",11,"North 45-55",4.00,20.00,1.50,0.10,3.00,,,,,,,,,
"N3-02",11,"North 80-90",1.00,15.00,1.00,,,,,,,,,,,
,,,,,,,,,,,,,,,,
"N3-03",1007,"South 45-55",0.25,20.00,0.25,,,,,,,,,,,
"N3-03",1007,"South 80-90",0.10,10.00,0.10,,,,,,,,,,,
"N3-03",1007,"North 45-55",2.00,35.00,2.00,,,,,,,,,,,
"N3-03",1007,"North 80-90",1.50,10.00,1.50,,,,,,,,,,,
,,,,,,,,,,,,,,,,
"N3-06",996,"South 45-55",,5.00,,,,,,,,,,,,
"N3-06",996,"South 80-90",,15.00,,,,,,,,,,,,
"N3-06",996,"North 45-55",,5.00,,,,,,,,,,,,
"N3-06",996,"North 80-90",,15.00,,,,,,,,,,,,
,,,,,,,,,,,,,,,,
"N3-09","HE-7","South 45-55",,85.00,,,,,,,,,,,,
"N3-09","HE-7","South 80-90",1.00,40.00,1.00,,,,,,,,,,,
"N3-09","HE-7","North 45-55",85.00,75.00,85.00,,2.00,,,,,,,,,
"N3-09","HE-7","North 80-90",80.00,75.00,75.00,2.00,10.00,,,,,2.00,,,,
,,,,,,,,,,,,,,,,
"N3-13",1017,"South 45-55",,30.00,,,,,,,,,,,,
"N3-13",1017,"South 80-90",0.50,45.00,0.50,,,,,,,,,,,
"N3-13",1017,"North 45-55",15.00,70.00,6.00,0.25,,,0.10,,,,,,,
"N3-13",1017,"North 80-90",25.00,70.00,25.00,0.10,1.00,,,,,,,,,
,,,,,,,,,,,,,,,,
"N3-17",1008,"South 45-55",0.25,50.00,0.25,,,,,,,,,,,
"N3-17",1008,"South 80-90",0.25,20.00,0.25,,,,,,,,,,,
"N3-17",1008,"North 45-55",3.00,15.00,2.00,0.50,,,0.10,,,,,,,
"N3-17",1008,"North 80-90",0.10,5.00,0.10,,,,,,,,,,,
,,,,,,,,,,,,,,,,
"N3-22",1008,"South 45-55",0.25,25.00,0.25,,,,,,,,,,,
"N3-22",1008,"South 80-90",,15.00,,,,,,,,,,,,
"N3-22",1008,"North 45-55",5.00,20.00,5.00,,,,,,,,,,,
"N3-22",1008,"North 80-90",1.00,15.00,1.00,,,,,,,,,,,
,,,,,,,,,,,,,,,,
"N3-27",996,"South 45-55",,2.00,,,,,,,,,,,,
"N3-27",996,"South 80-90",0.50,15.00,0.50,,,,,,,,,,,
"N3-27",996,"North 45-55",4.50,20.00,4.50,,,,,,,,,,,
"N3-27",996,"North 80-90",0.10,2.00,0.10,,,,,,,,,,,
,,,,,,,,,,,,,,,,
"N3-31",1007,"South 45-55",0.25,10.00,0.25,,,,,,,,,,,
"N3-31",1007,"South 80-90",0.25,15.00,0.25,,,,,,,,,,,
"N3-31",1007,"North 45-55",,25.00,,,,,,,,,,,,
"N3-31",1007,"North 80-90",1.00,20.00,1.00,,,,,,,,,,,
,,,,,,,,,,,,,,,,
"N3-32",996,"South 45-55",,5.00,,,,,,,,,,,,
"N3-32",996,"South 80-90",0.10,10.00,0.10,,,,,,,,,,,
"N3-32",996,"North 45-55",0.10,5.00,0.10,,,,,,,,,,,
"N3-32",996,"North 80-90",0.10,95.00,,,,,,0.10,,,,,,
,,,,,,,,,,,,,,,,
"N4-02","HE-7","South 45-55",,50.00,,,,,,,,,,,,
"N4-02","HE-7","South 80-90",1.00,50.00,1.00,,,,,,,,,,,
"N4-02","HE-7","North 45-55",9.00,45.00,9.00,,,,0.25,0.10,,,,,,
"N4-02","HE-7","North 80-90",4.00,40.00,4.00,,,,,,,,,,,
,,,,,,,,,,,,,,,,
"N4-04","RM2","South 45-55",0.10,25.00,0.10,,,,,,,,,,,
"N4-04","RM2","South 80-90",1.00,20.00,1.00,,,,,,,,,,,
"N4-04","RM2","North 45-55",11.00,30.00,10.00,0.10,1.00,,,,,,,,,
"N4-04","RM2","North 80-90",15.00,30.00,14.00,0.10,2.00,,,,,,,,,
,,,,,,,,,,,,,,,,
"N4-12","WC5","South 45-55",12.00,20.00,7.00,0.10,7.00,,0.10,1.00,,,,,,
"N4-12","WC5","South 80-90",2.00,10.00,2.00,0.10,0.50,,,,,,,,,
"N4-12","WC5","North 45-55",15.00,65.00,15.00,,0.50,,,,,,,,,
"N4-12","WC5","North 80-90",12.00,30.00,13.00,,0.25,,,,,,,,,
,,,,,,,,,,,,,,,,
"N4-14",1008,"South 45-55",0.25,5.00,0.25,,,,,0.10,,,,,,
"N4-14",1008,"South 80-90",1.50,15.00,1.50,,,,,,,,,,,
"N4-14",1008,"North 45-55",10.00,25.00,7.00,,0.50,,0.10,0.50,,,,,,
"N4-14",1008,"North 80-90",0.50,1.00,0.50,,,,,,,,,,,
,,,,,,,,,,,,,,,,
"N4-16","H10","South 45-55",0.25,70.00,0.25,,,,,,,,,,,
"N4-16","H10","South 80-90",2.00,30.00,2.00,,,,,,,,,,,
"N4-16","H10","North 45-55",30.00,65.00,20.00,0.10,,,,1.00,0.25,,,0.10,,
"N4-16","H10","North 80-90",35.00,65.00,35.00,,,,,,,,,,,
,,,,,,,,,,,,,,,,
"N4-17","T15","South 45-55",0.50,5.00,0.50,,,,,,,,,,,
"N4-17","T15","South 80-90",2.00,30.00,2.00,,,,,,,,,,,
"N4-17","T15","North 45-55",2.50,10.00,2.50,,,,,,,,,,,
"N4-17","T15","North 80-90",8.00,5.00,10.00,,,,,,,,,,,
,,,,,,,,,,,,,,,,
"N4-18",1007,"South 45-55",2.00,20.00,2.00,,,,,,,,,,,
"N4-18",1007,"South 80-90",,30.00,,,,,,,,,,,,
"N4-18",1007,"North 45-55",3.00,15.00,3.00,,0.10,,,,,,,,,
"N4-18",1007,"North 80-90",,15.00,,,,,,,,,,,,
,,,,,,,,,,,,,,,,
"N4-20",1023,"South 45-55",25.00,35.00,30.00,0.50,3.00,,,,,1.00,,,,
"N4-20",1023,"South 80-90",1.00,10.00,1.00,,,,,,,,,,,
"N4-20",1023,"North 45-55",25.00,30.00,28.00,0.10,6.00,,0.10,0.50,0.25,,,,,
"N4-20",1023,"North 80-90",40.00,25.00,25.00,0.10,8.00,0.10,0.10,0.50,0.50,,".",0.25,,
,,,,,,,,,,,,,,,,
"N4-24",10,"South 45-55",9.00,25.00,9.00,,,,,,,,,,,
"N4-24",10,"South 80-90",4.00,35.00,4.00,,,,,,,,,,,
"N4-24",10,"North 45-55",4.00,20.00,4.00,,,,,,,,,,,
"N4-24",10,"North 80-90",1.50,20.00,1.50,,,,,,,,,,,
,,,,,,,,,,,,,,,,
"N4-26",999,"South 45-55",,60.00,,,,,,,,,,,,
"N4-26",999,"South 80-90",1.00,40.00,1.00,,,,,,,,,,,
"N4-26",999,"North 45-55",10.00,20.00,10.00,,2.00,,,0.10,,,,,,
"N4-26",999,"North 80-90",7.00,20.00,7.00,,,,,,,,,,,
,,,,,,,,,,,,,,,,
"N4-30",11,"South 45-55",0.10,60.00,0.10,,,,,,,,,,,
"N4-30",11,"South 80-90",0.25,75.00,0.25,,,,,,,,,,,
"N4-30",11,"North 45-55",4.00,30.00,4.00,,,,,0.10,,,,,,
"N4-30",11,"North 80-90",20.00,40.00,18.00,,1.50,,,0.10,,,,,,
,,,,,,,,,,,,,,,,
"N5-02",1008,"South 45-55",1.00,15.00,1.00,,0.10,,,,,,,,,
"N5-02",1008,"South 80-90",2.00,15.00,2.00,,,,,,,,,,,
"N5-02",1008,"North 45-55",20.00,30.00,20.00,0.10,10.00,0.10,2.00,,,0.25,,,,
"N5-02",1008,"North 80-90",20.00,15.00,18.00,0.25,5.00,0.25,0.25,,,,,,,
,,,,,,,,,,,,,,,,
"N5-05",1005,"South 45-55",1.50,35.00,1.50,,,,,,,,,,,
"N5-05",1005,"South 80-90",0.50,25.00,0.50,,,,,,,,,,,
"N5-05",1005,"North 45-55",2.00,20.00,3.00,0.10,0.25,,0.10,,,0.25,,,,
"N5-05",1005,"North 80-90",15.00,30.00,15.00,0.50,0.10,,,,,0.50,,,,
,,,,,,,,,,,,,,,,
"N5-12",1005,"South 45-55",5.00,50.00,5.00,,,,,,,,,,,
"N5-12",1005,"South 80-90",1.00,50.00,1.00,,,,,,,,,,,
"N5-12",1005,"North 45-55",50.00,25.00,30.00,0.50,4.00,,,1.25,2.00,,0.50,,,
"N5-12",1005,"North 80-90",35.00,20.00,18.00,0.25,2.00,,,0.25,0.25,,,,,
,,,,,,,,,,,,,,,,
"N5-13",1005,"South 45-55",0.25,45.00,0.25,,,,,,,,,,,
"N5-13",1005,"South 80-90",0.25,15.00,0.25,,,,,,,,,,,
"N5-13",1005,"North 45-55",10.00,35.00,3.00,0.10,3.00,0.10,0.25,,,0.10,,,,
"N5-13",1005,"North 80-90",15.00,15.00,12.00,0.10,4.00,0.10,0.25,0.10,,,,,,
,,,,,,,,,,,,,,,,
"N5-15","EC1","South 45-55",2.00,60.00,2.00,,,,,,,,,,,
"N5-15","EC1","South 80-90",3.00,10.00,3.00,,,,,,,,,,,
"N5-15","EC1","North 45-55",30.00,65.00,25.00,,1.50,,,0.25,0.25,,,,,
"N5-15","EC1","North 80-90",35.00,40.00,25.00,0.10,1.00,0.10,,0.60,,,,,,
,,,,,,,,,,,,,,,,
"N5-17",10,"South 45-55",0.10,10.00,0.10,,,,,,,,,,,
"N5-17",10,"South 80-90",0.50,15.00,0.50,,,,,,,,,,,
"N5-17",10,"North 45-55",8.00,15.00,7.00,2.00,,,,,,,,,,
"N5-17",10,"North 80-90",4.00,5.00,4.00,,,,,,,,,,,
,,,,,,,,,,,,,,,,
"N5-19","HE-7","South 45-55",15.00,35.00,15.00,,,,,,,,,,,
"N5-19","HE-7","South 80-90",5.00,25.00,5.00,,0.10,,,,,,,,,
"N5-19","HE-7","North 45-55",5.00,10.00,5.00,,,,,,,,,,,
"N5-19","HE-7","North 80-90",3.00,15.00,2.50,0.10,,,,,,0.10,,,,
,,,,,,,,,,,,,,,,
"N5-26",999,"South 45-55",0.10,35.00,,,,,,,,,,0.10,,
"N5-26",999,"South 80-90",,55.00,,,,,,,,,,,,
"N5-26",999,"North 45-55",0.10,40.00,0.10,,,,,,,,,,,
"N5-26",999,"North 80-90",,35.00,,,,,,,,,,,,
,,,,,,,,,,,,,,,,
"N6-04","H10","South 45-55",0.50,15.00,0.50,0.10,,,,,,,,,,
"N6-04","H10","South 80-90",,20.00,,,,,,,,,,,,
"N6-04","H10","North 45-55",70.00,20.00,50.00,0.10,2.50,0.10,0.10,0.10,,,,,,
"N6-04","H10","North 80-90",35.00,25.00,25.00,0.10,0.10,,,1.00,0.10,,,,,
,,,,,,,,,,,,,,,,
"N6-06",1005,"South 45-55",55.00,70.00,30.00,0.10,,,,1.10,,0.50,,,,
"N6-06",1005,"South 80-90",30.00,60.00,25.00,0.10,0.25,,,,,,,,,
"N6-06",1005,"North 45-55",20.00,65.00,15.00,0.10,,,,,,,,,,
"N6-06",1005,"North 80-90",3.00,35.00,3.50,,,,0.10,,,,,,,
,,,,,,,,,,,,,,,,
"N6-07","HE10","South 45-55",5.00,30.00,6.00,,1.00,,,,,,,,,
"N6-07","HE10","South 80-90",5.00,50.00,5.00,,0.10,,,,,,,,,
"N6-07","HE10","North 45-55",50.00,35.00,30.00,0.10,0.10,0.10,,,0.10,,,,,
"N6-07","HE10","North 80-90",35.00,50.00,30.00,,2.50,,,0.10,,,,,,
,,,,,,,,,,,,,,,,
"N6-09",1008,"South 45-55",10.00,10.00,7.00,,0.10,,,0.25,,,,,,
"N6-09",1008,"South 80-90",0.10,2.00,0.10,,,,,,,,,,,
"N6-09",1008,"North 45-55",3.00,2.00,2.00,,1.00,,,,,,,,,
"N6-09",1008,"North 80-90",2.00,1.00,2.00,,,,,,,,,,,
,,,,,,,,,,,,,,,,
"N6-10",10,"South 45-55",1.00,15.00,1.00,,,,,,,,,,,
"N6-10",10,"South 80-90",2.50,10.00,2.50,,,,,,,,,,,
"N6-10",10,"North 45-55",1.50,1.00,1.50,,,,,,,,,,,
"N6-10",10,"North 80-90",8.00,10.00,9.00,0.10,0.25,,,,,,,,,
,,,,,,,,,,,,,,,,
"N6-12","RM2","South 45-55",1.00,50.00,1.00,,,,,,,,,,,
"N6-12","RM2","South 80-90",0.10,20.00,0.10,,,,,,,,,,,
"N6-12","RM2","North 45-55",60.00,35.00,40.00,2.75,9.00,0.10,0.50,1.75,0.50,,0.25,,,
"N6-12","RM2","North 80-90",3.00,15.00,3.00,,,,,,,,,,,
,,,,,,,,,,,,,,,,
"N6-16","RL6","South 45-55",2.00,35.00,2.00,,,,,,,,,,,
"N6-16","RL6","South 80-90",1.00,25.00,1.00,,,,,,,,,,,
"N6-16","RL6","North 45-55",35.00,75.00,23.00,0.10,10.00,0.10,0.10,0.50,0.10,,1.50,,,
"N6-16","RL6","North 80-90",3.00,45.00,3.00,,,,,,,,,,,
,,,,,,,,,,,,,,,,
"N6-17",996,"South 45-55",0.10,25.00,0.10,,,,,,,,,,,
"N6-17",996,"South 80-90",,2.00,,,,,,,,,,,,
"N6-17",996,"North 45-55",0.25,25.00,0.25,,,,,,,,,,,
"N6-17",996,"North 80-90",,15.00,,,,,,,,,,,,
,,,,,,,,,,,,,,,,
"N6-19","EC1","South 45-55",,15.00,,,,,,,,,,,,
"N6-19","EC1","South 80-90",,25.00,,,,,,,,,,,,
"N6-19","EC1","North 45-55",3.00,25.00,3.00,,,,,,,,,,,
"N6-19","EC1","North 80-90",0.10,10.00,0.10,,,,,,,,,,,
,,,,,,,,,,,,,,,,
"N7-03",1008,"South 45-55",5.00,40.00,5.00,,,,,,,,,,,
"N7-03",1008,"South 80-90",10.00,30.00,10.00,,,,,,,0.10,,,,
"N7-03",1008,"North 45-55",25.00,35.00,18.00,,0.10,,,0.10,,,,,,
"N7-03",1008,"North 80-90",35.00,65.00,35.00,,,,,,,,,,,
,,,,,,,,,,,,,,,,
"N7-07","H10","South 45-55",,80.00,,,,,,,,,,,,
"N7-07","H10","South 80-90",1.00,50.00,1.00,,,,,,,,,,,
"N7-07","H10","North 45-55",50.00,60.00,21.00,0.10,0.25,,,,,,,,,
"N7-07","H10","North 80-90",1.00,45.00,1.00,,,,,,,,,,,
,,,,,,,,,,,,,,,,
"N7-08","WC5","South 45-55",,20.00,,,,,,,,,,,,
"N7-08","WC5","South 80-90",,20.00,,,,,,,,,,,,
"N7-08","WC5","North 45-55",35.00,30.00,30.00,0.10,2.50,0.10,1.00,1.00,,,1.00,,,
"N7-08","WC5","North 80-90",25.00,20.00,18.00,0.10,0.10,,0.25,,,,,,,
,,,,,,,,,,,,,,,,
"N7-10",10,"South 45-55",6.00,30.00,6.00,,,,,,,,,,,
"N7-10",10,"South 80-90",3.00,30.00,3.00,,,,,,,,,,,
"N7-10",10,"North 45-55",20.00,25.00,20.00,0.10,0.50,0.10,0.10,,,,,,,
"N7-10",10,"North 80-90",2.00,15.00,2.00,0.10,0.10,,,,,,,,,
,,,,,,,,,,,,,,,,
"N7-14","HE10","South 45-55",20.00,25.00,20.00,0.25,,,,,,,,,,
"N7-14","HE10","South 80-90",3.50,40.00,3.50,,,,,,,,,,,
"N7-14","HE10","North 45-55",1.50,20.00,1.50,,,,,,,,,,,
"N7-14","HE10","North 80-90",25.00,20.00,20.00,,8.00,0.25,,1.00,0.10,,,,,
,,,,,,,,,,,,,,,,
"N7-19","RM2","South 45-55",5.00,30.00,5.00,,,,,,,0.10,,,,
"N7-19","RM2","South 80-90",2.00,40.00,2.00,,,,,,,,,,,
"N7-19","RM2","North 45-55",2.00,65.00,2.00,,,,,,,,,,,
"N7-19","RM2","North 80-90",1.00,30.00,1.00,,,,,,,,,,,
